{"0.3028855325609643":{"userId":5},"0.3097490308765245":{"userId":1},"0.5029802604680975":{"userId":2},"0.18792607407828243":{"userId":2}}